{
    "loss": 20.574352264404297,
    "accuracy": 0.5179855823516846
}