{
    "loss": 5.690472602844238,
    "accuracy": 0.5035971403121948
}